"method","concordance_eval"
"sum_llr_only",0.790135396518375
"sum_llr_age",0.769073715882227
"p_rf",0.799376746185257
"p_rf_llr",0.781753707285622
"groups_age",0.795723189340211
