"score_name","auroc","auprc","n"
"sum_llr",0.83371327254306,0.385949969578726,418
"d_dist",0.618287740628166,0.202722596117551,418
"p_nb",0.839317375886525,0.316301943520163,418
"p_rf",0.820478723404255,0.374937601486792,418
"p_rf_llr",0.815412867274569,0.353680096866587,418
"prevalence_baseline",NA,0.100478468899522,418
