"risk_bin","n","pct","mean_sum_llr","median_sum_llr","event_n","event_rate"
"Q1",105,0.251196172248804,-48.3010422764204,-48.0012238878948,0,0
"Q2",104,0.248803827751196,-31.8288922964134,-32.0728469314456,3,0.0288461538461538
"Q3",104,0.248803827751196,-9.99923724930056,-11.5420071561437,10,0.0961538461538462
"Q4",105,0.251196172248804,39.1937248040951,35.1925330074955,29,0.276190476190476
