"method","concordance_eval"
"sum_llr_only",0.774378226426051
"sum_llr_age",0.799026900909374
"p_rf",0.806995161485113
"p_rf_llr",0.801637591894524
"groups_age",0.775841600949716
