"score_name","auroc","auprc","n"
"sum_llr",0.814486330017392,0.340937029825126,4325
"d_dist",0.764673491126397,0.251325218146306,4325
"p_nb",0.772079820301263,0.188854758838513,4325
"p_rf",0.835114673792029,0.381916982051954,4325
"p_rf_llr",0.834197298500906,0.387899160738201,4325
"prevalence_baseline",NA,0.0769942196531792,4325
