"risk_bin","n","pct","mean_sum_llr","median_sum_llr","event_n","event_rate"
"Q1",1082,0.250173410404624,-62.9452971582493,-61.8769448650244,8,0.00739371534195933
"Q2",1081,0.249942196531792,-40.9654323814417,-41.4788868042907,36,0.0333024976873266
"Q3",1081,0.249942196531792,-11.4930009993463,-13.0784090053873,61,0.0564292321924144
"Q4",1081,0.249942196531792,67.8029257149134,58.5548037828357,228,0.210915818686401
