"score_name","auroc","auprc","n"
"sum_llr",0.832132025067563,0.391934987554869,15550
"d_dist",0.836604571270068,0.351373735779748,15550
"p_nb",0.825583265496832,0.296062253826689,15550
"p_rf",0.87391866172808,0.473127329221992,15550
"p_rf_llr",0.872882101032975,0.480288651299594,15550
"prevalence_baseline",NA,0.0912540192926045,15550
