"risk_bin","n","pct","mean_sum_llr","median_sum_llr","event_n","event_rate"
"Q1",3888,0.250032154340836,-62.6056651063138,-61.4208404379826,21,0.00540123456790123
"Q2",3887,0.249967845659164,-41.3626230630262,-41.4730716421076,134,0.0344738873166967
"Q3",3887,0.249967845659164,-18.4897360646136,-19.4590605535946,268,0.0689477746333934
"Q4",3888,0.250032154340836,48.5258586352337,32.0591016632987,996,0.256172839506173
