"method","concordance_eval"
"sum_llr_only",0.708711705418621
"sum_llr_age",0.776768785550344
"p_rf",0.809899211655523
"p_rf_llr",0.793034627282706
"groups_age",0.764095399660712
