"score_name","auroc","auprc","n"
"sum_llr",0.812562114887696,0.359494514795653,439
"d_dist",0.722570065593321,0.355185324437372,439
"p_nb",0.748360166964818,0.232817012852344,439
"p_rf",0.891920095408468,0.54593095344246,439
"p_rf_llr",0.872440866626913,0.55720327459727,439
"prevalence_baseline",NA,0.118451025056948,439
