"risk_bin","n","pct","mean_sum_llr","median_sum_llr","event_n","event_rate"
"Q1",110,0.250569476082005,-46.0822626824495,-45.4435234736425,1,0.00909090909090909
"Q2",110,0.250569476082005,-21.5230307555789,-22.090141632166,4,0.0363636363636364
"Q3",109,0.248291571753986,12.5202425039465,11.2112787544362,15,0.137614678899083
"Q4",110,0.250569476082005,77.867911781783,67.6341066512549,32,0.290909090909091
