"method","concordance_eval"
"sum_llr_only",0.759064928570933
"sum_llr_age",0.768290170313936
"p_rf",0.758384321024523
"p_rf_llr",0.789515171297807
"groups_age",0.743909835705042
