"score_name","auroc","auprc","n"
"sum_llr",0.80585336679582,0.26923061686692,5230
"d_dist",0.632026999921725,0.11639666561676,5230
"p_nb",0.758397726605612,0.15572479957002,5230
"p_rf",0.804311719697859,0.291911886272148,5230
"p_rf_llr",0.831880051172165,0.333863258390054,5230
"prevalence_baseline",NA,0.0638623326959847,5230
