"risk_bin","n","pct","mean_sum_llr","median_sum_llr","event_n","event_rate"
"Q1",1308,0.250095602294455,-43.8688365936908,-42.691426796686,7,0.00535168195718654
"Q2",1307,0.249904397705545,-25.9364504928251,-25.7891515490839,40,0.0306044376434583
"Q3",1307,0.249904397705545,-7.0877390897472,-7.7503009087004,55,0.0420811017597552
"Q4",1308,0.250095602294455,46.5974722400961,37.3700061302183,232,0.17737003058104
