"method","concordance_eval"
"sum_llr_only",0.885764499121265
"sum_llr_age",0.848857644991213
"p_rf",0.924428822495606
"p_rf_llr",0.936731107205624
"groups_age",0.810193321616872
