"score_name","auroc","auprc","n"
"sum_llr",0.843076923076923,0.119367425973838,329
"d_dist",0.716153846153846,0.101112504089022,329
"p_nb",0.810769230769231,0.0460104378557701,329
"p_rf",0.897692307692308,0.0835526833385363,329
"p_rf_llr",0.916923076923077,0.0899796157736124,329
"prevalence_baseline",NA,0.0121580547112462,329
