"risk_bin","n","pct","mean_sum_llr","median_sum_llr","event_n","event_rate"
"Q1",83,0.252279635258359,-50.6151723530986,-49.1009536485178,0,0
"Q2",82,0.249240121580547,-32.2996585268492,-31.7690712255694,0,0
"Q3",82,0.249240121580547,-18.8004385367473,-19.6444441008848,1,0.0121951219512195
"Q4",82,0.249240121580547,13.8585924625287,3.59827867617408,3,0.0365853658536585
