"method","concordance_eval"
"sum_llr_only",0.790234652761318
"sum_llr_age",0.795506969054047
"p_rf",0.825698495193058
"p_rf_llr",0.828055717746085
"groups_age",0.77341758248111
