"score_name","auroc","auprc","n"
"sum_llr",0.828424277680822,0.308494557133412,3090
"d_dist",0.754525499321311,0.267991805949894,3090
"p_nb",0.779555555555556,0.176378429501625,3090
"p_rf",0.847933294551096,0.36725917300801,3090
"p_rf_llr",0.853884041109172,0.400254054878957,3090
"prevalence_baseline",NA,0.0728155339805825,3090
