"risk_bin","n","pct","mean_sum_llr","median_sum_llr","event_n","event_rate"
"Q1",773,0.250161812297735,-58.8503124205552,-57.6167552509105,4,0.00517464424320828
"Q2",772,0.249838187702265,-36.0980190866905,-36.5384558607265,18,0.0233160621761658
"Q3",772,0.249838187702265,-5.14540143941289,-6.56346106518405,43,0.055699481865285
"Q4",773,0.250161812297735,78.3805665156501,68.6084678521494,160,0.206985769728331
